环境装修的很古色古香的	1
动物玩偶做的很精致	1
是恰到好处的风度泳池很赞	0
长沙知名休闲会所	0
鸭血很新鲜	0
难得在北京能吃到口味还不错的江浙菜	0
煎的恰到好处	0
纳豆回味无穷	0
味道是一如既往的好	0
面疙瘩和切碎的牛肉薄片很香很入味	1
牛肉辣酱拌起来的饭配合恰到好处	1
店家生意超级好	0
团的双人套餐	0
盐糖恰到好处环境放松	1
装饰点缀的恰到好处	1
绵软土豆挺好吃哒	1
环境很好器材都很新	0
翅尖很嫩很入味	1
咖啡做的很棒	1
青柠脆皮鸡和冷面一如既往的好吃	1
进了店以后有种别有洞天的感觉	0
团购很实惠的	0
感觉上这个餐馆非常独特	1
美国一样的周日的时候人山人海	0
蔬菜拼盘很划算	0
肘子烤的不错的	0
甜味的很好吃很喜欢	0
花甲的味道不错	0
营养健康肠粉	0
按摩过后用热毛巾敷了一次	0
店里装修的是很古色古香的风格	1
味道协调得恰到好处	0
剪头发的技术水平忙高的	0
护理全程都很舒服	1
服务态度很好	0
炸猪排猪排厚	0
花生冰沙一如既往的好吃	0
锅巴恰到好处	0
好像身处一个明媚的阳光房	1
聚些伙伴热热闹闹的吃一番	0
住配有厕所的独立狗屋	1
绵绵冰口感细滑	0
紧挨着高桥红坊广场和高桥公园	0
卡每次设计的很好看	0
开饭餐厅素以出自六代粤菜餐饮世家着称	0
京东广场里新开的	0
猪肉大葱不错	0
冰美式不错	0
龙虾肉恰到好处	1
牡丹虾鲜滑弹牙	1
美容顾问相当负责认真	1
老坛酸菜鱼不错	0
鸡蛋卷很好吃	0
环境和服务很好	0
停车很方便	1
虎皮蛋糕还不错	0
团购很实惠	0
回味无穷的那种	0
建议天好来靠窗场景很赞	0
披萨要趁热吃	0
乌龙奶茶四季奶青	0
离鸟巢有点远的	0
拍摄的照片还不错	0
西贝莜面的生意一直很红火	0
汤很清淡还不错	1
烤出来很好吃调味牛肉很嫩	1
鱼头的味道真心不错	0
野菜时蔬拼盘可以	0
服务过程中有求必应	0
蒜末味道恰到好处	0
砂锅粥真的不错	0
烤串真的恰到好处	1
大拉皮酱拌得恰到好处	1
最爱的是牛舌	1
青柠酱绝对强推	0
刺身拼盘的北极贝不错	0
店家额外送了一份新口味凤爪	0
芥末恰到好处的辣配上虾的鲜	1
店家自助区的泡菜挺好吃的	1
丸久小山园是宇治市着名的茶园啦	0
蛙都被满满的青辣椒覆盖了	0
虾烤得恰到好处	1
位置明显好找非常正宗的川菜	1
粉恰到好处	1
面包好香呀	1
大山焖鸭口味独特	1
蒸凤爪蒸的恰到好处	1
环境还不错工作人员服务态度很好	0
硬件设施别具一格	0
装修环境相当别具一格	1
总体来说一家不错的餐厅	0
服务态度特别好	0
新开的英语早教机构	0
草莓汁恰到好处的中和了鹅肝的肥腻	1
装修很古色古香	1
音乐恰到好处	0
川菜做的很正宗啦	1
水不错环境很好	0
排骨很入味	1
松饼真的煎得恰到好处	1
人炒鸡的多	0
位置很好找	0
设备很先进	0
装修古色古香的很有特色	1
水果一如既往的新鲜好品质	1
东西一如既往地好吃	0
剪发烫发都很耐心	1
会所地处闹市中心	0
装修古色古香很有味道	1
最爱日式轻乳酪厚松饼	1
平锅串串很够味	1
口味蟹不错	0
鸡翅味道不错	0
菜式都是地道的台山特式菜	1
汤汁勾兑得恰到好处	1
新鲜的豆腐皮配上调好的蘸料相得益彰	1
鸭血豆腐锅里的鸭血和豆腐都超嫩	1
做完以后脸感觉特别清透	0
味道品质始终如一	0
河虾非常香	1
排队过程中有免费的冰淇淋可以吃	0
有三个干蒸房还不错了	0
西柚汁很浓很好喝	0
酸菜鱼很正	1
吃喝玩乐购物唱一条龙都很方便	0
瑜伽老师很有耐心	1
味道不错的私房菜	0
可想而知鸡肉调味有多浓	0
新开的餐厅	0
三文鱼好新鲜	1
留下了特别好的印象	0
虾滑不错的	0
冷面都挺好吃	0
做得很入味酥软本土人气餐馆	1
口味方面可圈可点	0
品种特别多	0
最爱胚芽奶茶	1
海鲜饭很入味	1
清炒虾仁火候恰到好处	1
好吃环境很好值得一去	0
气氛真的很好	0
奢侈的想来份早茶	0
团购价钱便宜	0
串串点了微辣	0
服务态度很好	0
态度非常好	0
鑫鑫浩浩特别认真尽心	1
类似于厚多士	0
座椅很宽对	0
有免费免费水果	0
软奶酥椰蓉	0
感觉能干完三碗米饭	0
减肥有很多实打实的好效果	1
团购很实惠	0
吃完后记得要停车券	0
化妆拍摄过程较迅捷	0
感觉特别好	0
黑毛肚和黄喉都是大片的	0
画的好认真好认真	1
早几年前去卓资县买过	0
换装过程都很不错	0
牛肉丸子实打实的好吃入味	1
小菜水准很高	0
年糕真好吃	1
海鲜挺新鲜的	0
推荐菜品味道不错	0
土豆沙拉真是做的恰到好处	1
拍摄效果出乎意料的好	0
朋友唱的很开心	0
口味一如既往好	0
房间内插座很多非常方便	1
铁锅大公鸡挺好吃的	1
时间很充裕	0
整体环境特别好	0
辣椒叶还不错	0
常熟多家冒菜最爱的他家	1
豆花肥肠味道不错	0
结账离开时用餐桌数渐渐多了起来	0
小伙给照的全家福很棒哟	1
新出的谷物冰雪味道很好噢	0
嫩牛肉一如既往好吃	1
肥肠炖的非常入味	1
果断去了万达家的那家新疆菜	0
羊肉串烤得恰到好处	1
服务态度很好	0
拿铁浓郁地恰到好处	1
毛豆挺好吃	0
兑换优惠券超快的	0
餐馆的人有点多	0
味道一如既往的好	0
甜品冷得多	0
味道非常好	0
飞来峰据说是江南少见的古代石窟艺术瑰宝	1
薯条鸡翅一如既往的很香	1
茶味浓郁新品薰衣草的恰到好处的清爽	0
披萨还不错	0
师兄们煮菜真好吃	0
菜品原汁原味	0
菜品量很大	0
烤扇贝烤的恰到好处	1
汤麻辣的恰到好处	1
地方挺大装修风格古色古香	1
带子味道逊色了	0
白斩鸡的味道恰到好处	1
经常光顾蛋挞是我家几个宝贝的最爱	0
海鲜处理的很干净	1
店里环境很好	0
统一装修风格	0
黄鱼年糕里面年糕味道还不错	0
米饭配的恰到好处	0
感觉好像突然一下子流行了这素匠泰茶	0
招牌熏羊尾尖口味很正	1
清凉筋面一如既往的好吃	1
小周服务很好	0
抹茶芝士依旧好好喝	1
布局很合理	0
玫瑰花服务不错	0
提拉米苏不错	0
店的装修风格挺温馨	1
炒菜味道不错	0
人一如既往的多	0
薯条鸡翅香肠都很好吃	1
按摩力度恰到好处	1
西塘是离开上海较近的一个古镇	1
点心品种多	0
乐华城那种觉得晒人多	0
环境非常好	0
炸鲜奶量太大太大了	0
算是上海数一数二好吃的西北菜	1
到是货真价实	0
吃过后重点推荐油泼扇贝	1
汤酸度恰到好处	1
鲮鱼球超级好吃啊	0
天气热了可以喝冰啤酒吃串串哈	0
烤肉味道不错	0
牛肉丸子别具一格	1
态度一如既往的好	0
菜品很不错	0
肠粉里酱油略稠	0
去的早有靠窗的座位	0
没想到质量还真心不错	0
孩子在这里理发特别开心	1
味道一如既往地好	0
弄鼻翼两边的时候很疼	0
味道一如既往得好	0
午市套餐很划算	1
是两江四湖中建筑最别具一格的一段湖面	1
五口灶的味道一如既往的好吃实惠	1
美名远扬真真是实至名归	0
配红豆或者布丁都恰到好处	1
新出的海鲜拼盘内容还挺丰盛	1
总体口味真的蛮好的	0
牛腩依旧酥烂	1
招牌牛肉烩饭两个人非常够吃	0
大龙虾意面是最好吃的	1
环境非常好	0
火候掌握得恰到好处	0
猪蹄很够味	1
卤牛肚味道不错	0
团购很划算	0
月嫂朱姐很细心	1
味道一如既往的好	0
店内环境很好菜品的口感很不错	0
海鲜特别新鲜	1
环境别具一格	0
物美价廉服务态度好	0
洗头很认真	1
味道很不错	0
餐厅交通很便捷位置靠近中山公园	1
态度非常好	0
烤虾不错哦	0
酸梅汤味道真的很浓郁	1
小朋友看得津津有味	0
牛肉的火候恰到好处	0
原味的和草莓味的都很好吃	0
牛肉超嫩的入口即化像在吃鹅肝	1
服务态度很好	0
味道真心不错	0
三文鱼很新鲜的	0
米饭颗粒分明的很香的	1
满分啊啊啊啊啊啊超级好吃	0
粉是那种细宽粉	0
川北凉皮出乎意料的好吃	0
一如既往的好品质	0
鱼香嫩鸡很鲜嫩	1
水果茶的卖相特别棒	1
中辣的汤底	0
薯条可以酥脆一些	0
的免费券	0
一进工作室	0
饭店服务员态度不错	0
干锅三素做得恰到好处	1
冰粉特别解辣	1
爱吃三文鱼的盆友们记得来呀	0
店里装修古色古香很让记忆深刻	0
黑色是黑巧克力	0
水加多了很稀	0
吃寿司要遵循先生后熟	0
环境特别好	0
菜品味道一如既往的好吃	0
配合牛肚的美味恰到好处	1
发现这边的奶茶店真的多	0
饮料拿到手都是温热的	0
波隆那家传肉酱面	0
韩料真的是吴江最棒	1
鸡肉带有不错的柠檬味道	0
整体给人的感觉很不错呢	0
农家乐味道好	1
算是香港这边非常非常好吃的日本料理了	1
照片拍出来很美	1
寿司饭的酸味恰到好处	1
服务特别好	0
奶盐放的恰到好处	1
服务特别好	0
最爱他家的黄油软包	1
感觉是泰晤士小镇里人最多的地方了	0
洗澡产品不错	0
丝袜奶茶口感甜度都恰到好处	1
店面门市赵婷美女很热心	0
位置很好找	0
脱毛时美容师很认真	1
转身发现的环境不错	0
服务态度非常好	0
看到了非常醒目的天下第一面	0
火候恰到好处	0
新开的商场	0
日料很地道	1
有种喝了一大杯咖啡的感觉	0
装潢还不错	0
鲜虾蟹子云吞味道不错的	0
感觉非常好	0
鱼片切得厚度恰到好处	1
总体性价比挺高的	0
店里环境特别好	0
巧克力泡芙偏甜	0
住客房泡温泉免费	0
验光专业负责	1
墨西哥卷很饱满	1
烤年糕和雪鱼不错	0
性价比绝对高的五星级酒店	1
味道一如既往的好吃	0
寓教于乐在课堂中体现得淋漓尽致	0
海鲜什么的都不错	0
糖蒜连着点	0
画的真的很细致	1
三文鱼很新鲜	1
饮品做的不错的	0
羊肉串太大个了	0
地方很好找	0
巧克力慕斯还不错	0
薰衣草冰激凌还不错	0
辣的恰到好处总体来说是很好吃的一家面店	1
古塔与西安大雁塔相似	0
团购挺合适	0
入嘴的那个嚼劲非常有力道	0
味道一如既往的好	0
服务态度很好	0
干锅鸭挺好吃的	0
黑椒牛肉饭稍微有些偏甜	0
钟汉良很帅演技好哈哈哈	0
舟山最好的自助餐	1
啤酒鸭味道不错	0
自由行来曼谷	0
记得有一个油条的沙拉还不错	0
鸡肉帕尼尼和美式咖啡挺好吃的	1
菜品非常好	0
牛黄喉不错	0
三文鱼烤得恰到好处	1
三杯鸡的味道不错的	0
菜品一如既往的好	0
上菜特别快	0
充满艺术气息	0
店内装修很小清新	1
米饭软硬恰到好处	1
凤爪辣味恰到好处	1
卤豆干不错的	0
牛肝菌肉质恰到好处	1
面筋最好吃	1
甜菜和土豆都恰到好处	1
菜品一如既往的新鲜好吃量足	1
浙江菜偏甜一些	0
戚风蛋糕的口感松软	1
米饭可以免费续	0
价格都是很公道的	0
自然而然的选了逛恒隆	0
椰子鸡不错	0
发型修剪得恰到好处	1
照片看上去既有光影的质感有独特的气质	1
菜品都是很平常的	0
调味上咸度恰到好处	0
装修的很古色古香	1
生意好好座无虚席	0
奇异果奶昔不错	0
溏心蛋很新鲜	1
牛油果汁货真价实很厚实	1
五星双重巧克力软冰淇淋	0
环境是典型的日式居酒屋	0
装修风格古色古香非常有特色	1
因味茶是很赏心悦目的一家店	1
口味纯正价廉物美咖喱很浓郁	1
坐落在大宁音乐广场的中心位置	0
个人赶脚啤酒整体偏淡	0
味道很不错	0
虾骨锅特别棒	1
全程换盘子催菜倒茶的节奏都恰到好处	0
香锅最爱的	0
烧卖啥的都要提前一天去他家的微博预定	0
装修风格简单	0
味道一如既往的好	0
个人觉得是附近最好吃的牛杂面了	1
看来现在确实是母蟹加好吃	0
鳗鱼烤制的口感恰到好处	1
觉得特别不错	0
铺底的面包烤得非常香	1
店家环境很好	0
芥末恰到好处的提味	1
巧克力的那个绵绵冰加上炼乳很完美	1
精品毛血旺食材品种多	0
是一家新开的商场	0
美甲做的很仔细	1
厚五花超级好吃	0
海鲜活蹦乱跳的口感很好	1
餐厅经理非常和蔼可亲	1
暴走之后在景点旁边随便吃吃	0
肺片口味始终如一	0
仓鱼口感还不错	0
服务人员态度很好	0
人和蔼可亲	0
红丝绒拿铁	0
剑骨鱼和扣肉味道不错	0
番茄酱太酸了	0
红薯香甜软糯的很好吃	1
奶油味较重	0
美女老师技术特别好	0
影响了书店整洁的形象	0
杨枝甘露茶真心不错	0
装修很富丽堂皇	1
火候恰到好处	0
海南鸡超嫩	1
外卖包装的很精致	1
面包火候烤的恰到好处	0
面包吃起来很新鲜	1
小笼包炒饭萝卜酥抄手流沙包都不错	0
环境在路边转角风景很好	0
薯条和玉米饼那种冷掉的口感	0
太平湖的鱼很鲜很嫩	1
力度恰到好处	0
味道很不错呦	0
意面硬度煮的恰到好处	1
营养健康粤菜的精髓	0
年糕条很入味	1
用餐时大排档一词突显	0
环境特别的不错	0
配菜年糕很糯	1
甜品做的很精致	1
婚礼主题秀睡美人	0
最爱牡丹虾	1
店里环境很不错	0
环境和味道都很好	0
搬家安心最重要啦	1
辣的恰到好处	0
味道一如既往的好	0
服务态度很好	0
大堂装修古色古香很有韵味	1
烤鸭里有种吃法叫跳跳鸭	0
麻辣小龙虾味道超级棒	1
透明的玻璃房子纯白的木头墙壁和楼梯	0
吃得津津有味	0
饭店装修的古色古香很有味道	1
极品三文鱼寒鰤鱼鱼腩	0
肉蟹煲一如既往量多味道好	1
面条做的恰到好处	1
千两的三文鱼很美味	1
焗蟹宝口味有些偏重	0
鸡米花不错	0
三文鱼刺身很鲜美	1
烤肉是服务员帮忙弄熟的	0
咖啡出人意料的顺滑好喝	1
发型师波波很耐心	1
溏心蛋火候恰到好处	1
店面装修不错	0
烤鸡翅味道不错	0
总体环境算小资和浪漫	1
简明的装修	0
停车场有点儿太大了	0
团购很优惠	0
水果的清香配上茶包刚刚好	1
酥肘子挺好吃的	1
番茄酱的量恰到好处	0
让人心情很好	0
对待孩子都和蔼可亲	0
烤大虾很新鲜	1
炒杂菜火候恰到好处	1
古色古香的装修挺喜欢的	1
啤酒烤群菌与特殊的酱汁配合的恰到好处	1
令人赏心悦目	0
份量都一如既往的稳定	0
极大份的鱿鱼圈	0
清蒸笋壳鱼火候恰到好处	1
奶油都货真价实	0
店里环境很不错	0
能够在下雨天能闲步悠然自得	0
菜非常好吃	0
东古来的炒杂菜味道很正宗	1
鸡蛋仔刚刚烤出来不错	0
服务态度超好	0
罗宋汤味道很浓郁	1
店里卫生很好	0
推荐夏天热的时候别过来	0
包饭跟韩国料理的一模一样	0
离公司很近	0
黑椒牛肉粒口感嚼劲恰到好处	1
肉松和沙拉酱都淋的恰到好处	1
恰到好处地展现了甜品本来的样子	1
入口时那恰到好处的酱香味和面条的韧劲	1
服务态度极其好	0
洗头洗的很仔细	1
水果免费畅吃	0
有求必应麻省龙利鱼份量很足	1
团购很划算	0
口感很厚实捞派毛肚	0
整体感觉非常不错	0
外观特别好看	0
抹茶味恰到好处	1
宫爆鸡丁不错呢	0
三文鱼不错	0
服务人员态度非常好	0
精美的生鱼片	0
环境很不错	0
加了酱的凉皮确实有点好吃	1
温泉蛋一如既往的好爽口	1
辣的恰到好处	0
鲍鱼酥酥皮酥的恰到好处	1
包房名字台湾着名的人给起的名字	0
五花肉考的恰到好处	1
酸辣粉煮的有点过火了	0
膻味恰到好处	0
烧锅的汤很鲜	0
想吃原汁原味	0
烧麦味道不错	0
新品的原味气锅鸡原汁原味	0
烤串炒菜都挺好吃的	1
牛五花不错	0
味道还不错肉夹馍	0
烤鸭不错的服务烤鸭趁热吃	0
地瓜粉调和恰到好处	1
菜品的味道都很好	0
东南亚菜人均	0
味道一如既往的好吃	0
标准的家常菜馆	0
装修的不错	0
鸡翅味道不错	0
环境不错装修很漂亮	1
调味很好吃	0
地址在田家巷十字路口很好找	0
看会电脑或者和朋友聊聊天都不错	0
厨房是透明开放式的	0
小朋友很爱吃	0
羊肉串非常地道	1
算是赏心悦目	0
餐具十分赏心悦目	0
米饭到嘴才有吃完的感觉啊	0
广州最好吃的火锅	1
奶油蘑菇蝴蝶意面味道很纯正	1
婴儿肥有点冲	0
包房装修不错的	0
菜一如既往地好	0
床的真心高啊	0
辣椒油很香	1
一鸣的叉烧包味道还不错	0
淋雨间沐浴用品都不错	0
可以免费停车	0
发型剃的不错	0
味道一如既往的好	0
招牌菜非常不错	0
很大的圆桌	0
毛豆煮的恰到好处	1
煲仔饭不错	0
东北大冷面还不错	0
洗头自动按摩机不错	0
辣度恰到好处	1
牡丹虾超大只	1
店面麻雀虽小食材精彩	0
鸡翅够大够肥	1
羊肉串烤得恰到好处	1
味道是恰到好处的家常菜	0
火锅还不错	0
和牛油脂恰到好处	1
海南鸡很嫩	0
肠粉一如既往仍是最爱	1
服务态度很好	0
调味恰到好处	0
巧克力酱太甜腻了	0
味道真的不错的	0
东西很好吃	0
韭菜的馅不错	0
面包烤的恰到好处	1
团购验证速度快	0
辣的恰到好处	1
羊肉串不错	0
套餐还不错辣	0
抹茶味恰到好处	0
价格很便宜	0
奶油吃起来很腻	0
红椅王者餐厅	0
带子和扇贝不错	0
恰到好处芒果糯米饭很香甜	0
布朗尼很棒	1
猪软骨实打实的好大块	1
环境很不错	0
环境不错的一家田园风格餐厅	0
水果很新鲜	0
总体感觉性价比很高	0
刺身吃起来很爽	1
最爱橄榄油虾	1
饮料雪梨汁有点太稠	0
番茄鱼偏甜	0
菜的味道很不错	0
香辣蟹味道很好	1
冰淇淋味道不错	0
夏天很凉快	0
好惊艳的餐厅	1
味道是很不错的	0
环境很不错的一家店	0
煲仔饭味道不错	0
做事的态度非常诚恳	0
琅琊土豆好惊喜	1
价钱真的挺贵的	0
近北城天街	0
抹茶冰激凌非常之稠味道恰到好处	1
鸡肉的酥烂程度恰到好处	1
最爱的爆浆流沙包算得上是上海数一数二的	1
店内装修的古色古香的很有韵味	1
锅巴恰到好处	0
服务味道一如既往的好	0
造就出恰到好处的味感观感体验	1
购物时挺安静的	1
医术高超的医生现在都去私立医院了	0
烧烤绝佳好地	1
东西很好吃	0
虾和田鸡都是火候恰到好处	1
绢豆腐挺嫩	0
辣的恰到好处	0
难得有米其林餐厅	0
服务态度很好	0
装修好古色古香	1
鸡有些太大份了	0
快赶上七秒鱼的鱼片了	0
炸鸡量太大	0
出乎意料的是牛肉很鲜嫩	1
有求必应单点的菜里最好吃的是土豆	0
酒水味道很不错	0
毛肚还不错	0
花生味特别浓	0
离得医院近	0
一针一线皆是修行店内环境很舒适	1
烤肉的味道很棒	1
味道非常不错	0
免费英式红茶不错	0
配合着蒜汁儿恰到好处	1
卫生间和浴室设计的恰到好处	1
大皇宫是仿照故都大城的旧皇宫建造的	0
炒蛏子很鲜美	1
是一爿很人気的台湾牛肉面后	0
店里的龟苓膏不错	0
南方菜总体偏甜一些	0
发型剪的很干净利落	1
装修特别温馨	1
对外经贸大学东门外新开的涮串店	0
红肠不错的	0
环境很舒适	0
搜索了评价最好的日料	0
牛肉炖的恰到好处	1
客栈装修的很古朴别致	1
感觉性价比比较高	0
味道很不错的	0
羊肉串烤得恰到好处	1
饮料点了青汁	0
牛油果色拉和儿童套餐挺好吃	1
装修很正统	1
味道都很不错	0
难处理的脂肪粒和粉刺	0
到现在生意很好的	0
粉丝的口感恰到好处	1
菜的味道很不错	0
环境非常不错	0
服务态度超好	0
海鲜很新鲜	1
烤串和羊蝎子还不错	1
距离地铁较近	0
水饺味道不错	0
薯蓉边的披萨不错	0
上海网红终于来到了杭州	0
收汁恰到好处	0
吃过最好吃的章鱼小丸子了	1
叫什么霸气路飞	0
泡菜火锅很棒	1
最爱的甜品很好	0
牛肉有点凉掉了呀	0
牛肉真的很棒	1
东西确实好	0
可以各种任性拍照	0
客栈很棒呢	0
杨枝甘露不错	0
酸菜鱼不错的	0
地铁过去很方便	0
意大利面的牛柳非常的嫩	1
鸡肉嫩到恰到好处	1
味道很不错的	0
牛肉烤的恰到好处	1
羊排软烂脱骨	1
选片师逻辑很清楚	0
汤汁的量给得恰到好处	1
吃得酣畅淋漓	0
来保定了自然要吃驴肉火烧	0
是吃过的最好吃的烧麦了	1
看起来像一个装满了叉烧肉的大方包	0
结果出乎意料的好	0
炒米粉有点湿	0
味道出乎意料的好	0
去纹之前挑了很久的图片	0
奶黄流沙包不错	0
饭菜做的很好	0
老牌坊菜品不错	0
牛肉很鲜嫩	1
环境一如既往的好	0
看起来装修有点类似中式风	0
拼盘的香肠挺好吃	1
味道很好熟客很多	0
阜成路这家店环境不错	0
味道一如既往的好	0
猪肝恰到好处	1
口味虾刚刚的恰到好处	0
爆腌牛肉各种味道非常恰到好处	1
包浆豆腐味道不错	0
微辣的酸菜恰到好处	1
休闲厅不错	0
猪颈肉是孩子们的最爱	1
解腻的山楂条	0
双休生意真的很好	0
吃过最好吃的湘菜	1
全家福锅一如既往的好吃	1
皇堡味道还不错	0
试下来后煲不错的	0
生蚝很新鲜	1
傣家烤罗非鱼太辣	0
天下第一鸭非常酥脆入味	1
环境很不错	0
酸辣黄壳鱼	0
喜欢重口味的推荐狮子王	1
味道不错点了外卖送到家里	0
去了很久了	0
商品种类多且价廉物美	0
最爱的小龙虾	1
店面在方恒国际中心座	0
咖喱里的牛肉炖的酥烂	1
煎的恰到好处的培根	0
虾饺流沙包香芒糯米卷一如既往的好吃	1
实至名归的好医院	1
皮蛋豆腐挺爽口	1
荤素三毛特别爽	1
辛拉面被煮的很入味	1
蒸的时间恰到好处	1
珍菌牛肉粒	0
豆腐免费加	0
菜多是原汁原味的	0
摇滚吧拉皮是最有意思的一道菜了	1
价格很便宜	0
大虾烤的恰到好处	1
火燎手握寿司拼盘	0
水果都很新鲜	1
密云烧肉真的很美味	1
价格真心便宜	0
人很好接触	0
回来甚是想念层嘟仁最爱的串串走	0
酒酿丸子不错	0
肉酱的调味恰到好处	1
物美价廉最爱凉粉腔骨蒜泥茄子	1
烤得恰到好处	0
洛阳毛肚串微辣	0
无锡少有的	0
很大一份哦	0
汤很鲜美很好喝	1
叫花鸡个人感觉做的味道不错鸡肉酥烂	1
服务态度很好	0
红糖糍粑很美味	1
接出来的效果很自然	0
沙拉能这么货真价实有好吃	0
服务人员态度很好	0
空气质量真的很好	0
米饭浇头恰到好处	1
有免费的水果	0
坐月子最重要是自己开心宝宝得到照顾	1
泡菜很好吃	0
一家还不错的本地菜饭店	0
金桔柠檬茶喝起来酸酸甜甜的	0
新开的广西菜	0
虾球和牛肉超棒	1
珍椰青茶中杯	0
肉桂卷好浓郁的肉桂味	1
意面还不错	0
共享美好甜品时光	0
加上抹茶粉的一点苦感恰到好处	1
爆肚还可以火候恰到好处	0
鳕鱼煎的有点过火了	0
香肠做法很特别吃起来回味无穷	1
团购很实惠	0
牛肉的香味和肉质的弹性配合得恰到好处	1
客房内环境令人满意	0
蛏子花蛤很新鲜	1
灯光和音乐配合得非常完美	1
面条是一如既往的实惠好吃	1
来日本必吃	1
蒸菜面和菜搭配恰到好处	1
按摩结束整个人都舒服到毛孔	1
送的饭很好吃非常喜欢	0
豆花非常嫩	1
要了榴莲千层和榴芒优格	0
海鲜蒸着吃挺好吃的	0
恰到好处的包裹着蘑菇	0
店里环境很好	0
干锅花菜不错的	0
白烧鳗鱼很惊艳	1
台湾油煎肝炒得恰到好处	1
酒香草头现在这个季节非常鲜嫩	1
洛杉矶的夏天夜晚很凉爽的	0
位置很好找	0
生意特别好	0
火候蒸得恰到好处	0
用的果酱和酸奶的甜度恰到好处	1
东西上的特别快	0
难得的清汤不错的火锅店	1
有幸在苏州吃到	0
像个小肉包	0
经典菜品水煮肉片味道恰到好处	1
韩国料理在澳门普遍偏贵	0
豆腐特别嫩	1
温泉蛋的火候恰到好处	1
内陷超大的虾仁	0
总体感觉很不错的	0
三品刺身的三文鱼和吞拿鱼都很新鲜	1
河虾很新鲜	1
辣度恰到好处	0
菜品一如既往的好吃	0
店里肥牛很新鲜	1
生意的确好	0
馅饼真好吃呀	1
环境不错地中海风格	1
咖喱的味道偏淡	0
味道出乎意外的好呢	0
钢琴课小王老师很负责很有耐心	1
椒盐鸭架好吃很实在	1
吃的超级开心	0
鱼片特别嫩	1
实打实的很多水果	1
味道很不错	0
装修还不错	0
除此之外要从汉口到武昌只能选择轮渡了	0
不错的猪蹄	0
辣度恰到好处	0
有一股浓烈的泰国风情	0
天都算是最实惠的一家火锅店了	1
鸡丝凉面的酱汁和辣口恰到好处	1
虾还不错看起来挺新鲜的	1
价格团购非常合适	0
补水效果很好	0
海鲜很新鲜	1
服务的很好	0
红豆派不错	0
店内物品摆放很整齐	0
汤的味道还不错	0
米饭软硬恰到好处	1
脚感一如既往的好	0
店内很整洁	0
店的位置很好找	0
富荟广场内午市生意最好的一家了	1
披萨很入味	1
逛街小吃的不错选择	0
服务态度很好	0
甜品做的很棒	1
鸭血粉丝汤味道不错	0
牛肉汤不错	0
买个早饭很实惠啊	1
辣椒油恰到好处	1
芥末醋酱调的恰到好处	1
招牌很显眼	0
环境不错很好下次还来	0
装饰的很有特色有一种古色古香的意味	1
有自然拼图	0
感觉很不错	0
味道很好吃	0
辣白菜和海藻不错	0
味道真的是好吃	0
照片拍出来效果不错	0
口感很不错	0
意面煮的恰到好处	1
房间装修很有新中式的风格	0
烤肉酱不错	0
店面装修的风格还不错	0
感觉香锅味道一如既往地好吃	1
敷面膜时的肩颈头部按摩不错滴	0
味道特别好	0
前台服务很好	0
主持风格非常好	0
河虾仁个头大	0
孩子很开心	0
有独立的儿童餐具	0
最爱的开背虾居然卖完了	0
肥牛香得恰到好处	1
影院环境不错	0
带着我家狗子囧森哥到太古里看美女	0
手撕鸡挺嫩的	1
地方很好找	0
芝士好好吃	1
干煎带鱼煎得恰到好处	1
整体装修特别古色古香	1
安静的小酒吧非常适合几个朋友一起来	1
羊肉串和牛心管烤的火候恰到好处	1
减肥道路坎坷	0
味道可圈可点	0
价廉物美好餐厅	1
为人和蔼可亲	0
辣的恰到好处	1
啤酒可乐雪碧都有	0
牛油果的熟度恰到好处	1
地址在公交车站桃园南新路口	0
店里装修还不错	0
员工平易近人	0
带娃人多真心累	0
酱汁与牛肉搭配的恰到好处	1
长寿桃花新城水木年华后门对面	0
切蟹味道不错	0
看到梦想家的时候感觉这个名字不错	0
装修特别的豪华	1
位置非常显眼	0
还算不错的炸酱面	0
日月光太大了	0
服务菜品环境都很不错	0
芝士焗生蚝不错放了芥末可以接受	0
服务人员园园人超级超级好	0
偶然来了天虹	0
恋上烤冷面好好吃	1
韭菜花选择最新鲜的	1
价格实惠老板娘和蔼可亲炸鸡好吃	1
最爱海鲜酱和辣鸡酱	1
狮子头口味不错	0
汤酸酸辣辣很可口	1
味道真心不错	0
鼓浪屿是座美丽的岛屿	0
石斑鱼蒸得恰到好处	1
提拉米苏纯奶油可可粉	0
聚聚餐一个不错的选择哈	0
奶油特别多	0
烤包子趁热吃很香	1
商家很好同意将预约后延	0
饮料雪糕什么的都随便拿	0
吃的时候最好点素的	1
油泼面不错	0
酸辣粉很好吃	0
饮料的话有可乐	0
吃冷面记得一定要用简单剪下啊	0
是薄底的那种披萨芝士蛋糕	0
治疗后效果特别好	0
久记酥皮包还不错	0
美食太多眼花缭乱	0
均安特色吃了还回味无穷	1
新晋的网红乐园	0
芝士虾丸是大家一如既往的最爱啊	1
去银河国际时偶然看到的一家餐厅	0
肉饼火候恰到好处	1
小菜很好吃	0
店里环境非常不错	0
味道很好吃	0
性价比很高的一家店	0
餐厅这边整体不错	0
味道真心不错	0
最爱牛杂汤	1
位置很好找	0
味道一如既往的好	0
炸鸡块挺好吃	1
海胆水饺是吃到现在最好吃的水饺	1
咖喱味恰到好处	1
烤串一如既往的好吃实惠	1
华润超市琳琅满目的商品	1
咸柠七恰到好处	1
想喝点儿热乎汤	0
天下第一鸡很香	1
三文鱼熟得恰到好处	1
服务是超级好	0
鲍鱼蒸的恰到好处	1
五花肉饼和辣小妹饼	0
巧儿服务很好	0
味道很好吃	0
天妇罗不错	0
味道口感一如既往的好	0
牛筋好好吃呀	1
剪头发很干净利落	1
买的港式现拉丝袜奶茶味道正宗好喝	1
分量很大喔	0
小熊特色松露土豆泥奶油味浓郁	1
味道一如既往得好	0
塔底塔陷都恰到好处	0
环境很不错	0
烤茄子烤豆腐火候恰到好处	1
馅料会流出来滑滑的虾饺蟹饺不错	0
按摩技师都很漂亮按摩技术都很好	1
羊肉煲煮的恰到好处鸭汤很鲜	1
辣的感觉很清爽	1
服务态度很好	0
进去装修的感觉很温馨	1
裙子西装都是刚洗过的搭配的恰到好处	1
接触下来桂隆的张梦蝶设计师给人印象不错	0
芝士蟹和虾好好吃	1
推出的团购优惠真的很良心	0
裹烧饼吃或者蘸豆浆吃都好棒	1
草莓上面点缀的恰到好处	1
圆融的邵东家口味最好	1
装修低调奢华服务	1
炒蛋嫩得恰到好处	1
嫩豆腐加了肉糜加香	1
装修上来说很古色古香	1
富丽堂皇旷阔	0
味道非常好	0
面包丁烤的恰到好处小孩子们喜欢吃薯条	1
味道一如既往的不错	0
虾仁还挺嫩烤牛舌	0
是备婚人士不错的选择哦	1
烧鹅非常入味	1
玉米面做成的馍馍是古法制作	0
牛肉卤的不错	0
多吃一点沙拉	0
一进门古色古香的装潢很是喜欢	1
服务态度很好	0
瑞刻创意婚礼工作室在一个青年旅社的三楼	0
介里的橄榄菜炒四季豆味道不错	0
月饼一如既往的新鲜好吃	1
骨头酥软得可以直接吞食了	1
牛肉卤得恰到好处	1
视听效果非常好	0
茶香鸡一如既往的好吃	1
泡饼配酱香汁恰到好处	1
动作非常快	0
保定这边实在	0
牛肉和鼻筋味道不错	0
薯条恰到好处	1
一如既往的味道不错一如既往的味道不错	0
生鱼片太厚了	0
豆乳盒子质地黏稠如酱	0
手切羊肉切的略厚	0
美睫价格实惠好看	1
没想到整块儿的牛肉涮着吃很嫩	1
蛋挞一如既往的好好吃	1
多春鱼烤的恰到好处	1
精品黑猪五花肉肉质不错	0
书店里面像一个温暖放满书的家	1
味道很好吃	0
有点像味极鲜	0
算是临潼斜口的标准套餐了	0
私教水平高	1
面包烤得恰到好处	1
难得去一次海岸城八方汇	0
热浓浆巧克力拉瓦	0
价格一如既往的便宜	0
饼是冷水面的	0
服务态度很好	0
蛋挞皮很酥	0
隔壁家的白切鸡做的嫩些	0
美景美食心情不错	0
餐具是热的	0
减肥吃不错	0
是每次按摩的一个不错选择	0
走廊上涂鸦和一些娱乐设施很独特	1
味道很不错	0
看到很久了	0
芥兰都非常好吃	0
冰鲜区选了两份刺身级的三文鱼片	0
味道价格性价比挺高的	0
分量真的很足	0
冰火虾的口感很妙	1
豆角的不错	0
芒果冰激凌超级实打实的一份	1
随便逛逛看到这家米其林一星	0
三文鱼一如既往的最爱	1
茶味还算浓	0
烤肉味道不错	0
周边新开一堆日料店	0
菠萝包的皮考的恰到好处	0
证件登记照个人觉得效果还不错	0
饭菜一如既往地好	0
毛肚百叶烫得恰到好处	1
豆浆还不错	0
离关口很近	0
颈椎本来很僵	0
咖啡味道不错	0
包装特别好	0
离东门很近	0
牛三星不错	0
店里保持很洁净	0
生意不错停车便利环境	0
蒜泥恰到好处	1
最爱肉蟹煲	1
梨球果仁虾里的梨球味道还不错	0
番茄汁很棒	1
看评价这么好其实超级想去	0
虫草花的加入既丰富了颜色有丰富了口感	0
鹅肝煎的恰到好处	1
酱料的咸度恰到好处	1
接睫毛时候超级温柔	1
看娃的水平首屈一指	0
不错的一次旅行	0
会有求必应	0
土火锅还不错	0
平易近人的价格	0
装饰的很古色古香	1
龙虾很新鲜	1
泰剧和咖喱各有千秋各有特色锅底越煮越香	1
虾仁鸡丝面加班时吃挺方便	0
三文鱼煎的恰到好处	1
辣的恰到好处	0
咖啡的口味都有点偏酸	0
蒸的时间恰到好处	1
豆腐沙拉不错	0
海鲜很新鲜物美价廉	1
新开的在湖北路和北海大道交叉口	0
鲈鱼和麻婆豆腐的味道不错	1
鳗鱼烤的恰到好处	1
甜品选择同样丰富	0
香辣鸡腿堡非常好吃	1
服务态度都超好	0
烤鸭包最爱	1
早饭很丰盛	1
甜度都是恰到好处	0
类似南京大排档的感觉	0
免费的小吃和小菜	0
火锅味道不错	0
猪排松脆配的小菜恰到好处	1
猪脚卤得恰到好处	1
油碟味道不错	0
干煸藕丝酥酥的恰到好处	1
川味的香辣和鲜美的里脊肉配合得恰到好处	1
咸蛋黄虾滑很有意思	1
地方很好找	0
朋友点了纯瘦肉肉夹馍	0
公园内一边耐寒的植物依然透着绿色和红色	0
棒棒的皮蛋一如既往的好	1
貌似是附近评价最好的餐厅了	1
烤鱼味道不错	0
发挥水平一如既往的好	0
地方特别好找	0
燕麦松饼很香很好吃	1
酸菜鱼味道不错	0
白菜的酸度和芥末用量恰到好处	1
整体体验很好	0
施工的葛师傅很细心	1
参鸡汤都是不错的	0
面条口感不错	0
总体感觉这家餐厅不错	0
很大一包哦	0
快吃完才想起来找照片	0
人真的是越来越多了	0
最爱麻辣牛肉	1
价格很实惠	1
鲜牛肉挺嫩的	1
犹如一朵另类的黑鲜花	0
一幸总在最好的时节	0
服务态度很友好	0
自助食材品种多	0
看似咖啡免费	0
有个像平麻花的豆腐最好吃	1
赶上新换油时候	0
皮皮虾很棒	1
质量一如既往地好	0
地方真的有点难找	0
还给专门讲了护肤知识聊的很开心	0
粉丝煮的恰到好处	1
朋友用的他家的粉不错	0
点评团购了一份神奇四虾	0
是个不错的快餐选择	0
牛蛙的味道极好的	1
老牌的酸菜鱼店	0
鸭血很大很新鲜	1
烤昂刺鱼到不错	0
香菜很好吃	1
淮海路店太难订位子了	0
味道非常不错	0
用料烤制都恰到好处	0
米饭可以随意加	0
带有苏州特有的独特韵味	1
给予恰到好处的距离感	0
京华酒楼点了习惯吃的几款味道不错	0
鸡肚子里面的糯米好吃	1
缘溪来农家菜口味非常棒	1
笑脸面包里面的馅太太太腻了	0
算是无锡川味火锅中数一数二的好吃	1
法国菜吃的是浪漫	0
钉螺味道不错咖喱蟹	0
外皮类似锅贴	0
海胆很新鲜	1
味道都很好吃	0
北极贝是熟的	0
化妆的妹子挺温柔	1
店开在热闹的心斋桥	0
羊肉串烤得恰到好处	1
冒火锅粉和鸭血的味道都不错	0
出行购物均很方便	1
土豆很好吃软软的	1
小王服务很好	0
画得很仔细很好看	1
酱骨架好实在啊	1
别具一格的授课方式	0
免费给孩子拍照做成台历	0
痘印很浅了	0
味道一如既往的好鱼很新鲜	1
酸菜味道恰到好处	1
过年生意非常好	0
鸭珍肝片腰片	0
甜味恰到好处	0
石锅鱼挺好吃的	1
店里的小吃饮品性价比不错	0
服务超级好	0
着重推荐一下手抓饼	0
环境非常好	0
煎鹅肝很棒	1
米饭恰到好处	0
牛肉烤的恰到好处	1
虾饺皇这些糕点都是特别棒的	1
记得田鸡小时吃的多	0
芝士饼不错	0
鞋子最好带两双	1
经典菜品一直不错	0
聚会超棒的选择	1
锅茶味道不错	0
芥末用的恰到好处	0
蛋糕长得超级可爱	1
果断点了最爱的流连忘返和红豆沙	1
臭桂鱼不错哦	0
四季的格果然高呀	1
菜口味很好	0
白鸭汤入味尤其是里面的鸭血	1
芝麻的香味和沙拉酱的甜味配合的恰到好处	1
茶具很赏心悦目	1
酱料调配的恰到好处	1
咬下去口感很好	0
泰晤士小镇环境最好	0
水果的新鲜度与披萨的熟度都恰到好处	1
坐的靠近水果的位置是最好的	1
一家非常正宗的印度咖喱店	1
茶味恰到好处白色恋人	0
位置很好找	0
竹升面煮的恰到好处	1
算是金碧辉煌	0
油麦菜炒得好好吃	1
面皮薄用料足炸鸡	0
很棒的	0
抹茶味淡淡的恰到好处	1
选的烹调的猪肉很小一盘	0
鱼的味道和质感恰到好处	1
味道一如既往的好	0
精瘦仍然圆润的口感难能可贵	0
菠萝饭味道极好的有爱吃的腰果和大虾	0
老成都里炒菜和火锅都在一起	0
鹅血很鲜嫩	1
圣托里尼岛的中心小镇	0
前台服务态度很好	0
态度非常好	0
情人的眼泪很好喝	0
蟹的味道恰到好处	1
菜样特别多	0
看到自己画出来的画那么好看超级满意开心	1
牛蛙现杀新鲜肉嫩好吃回味无穷	1
美容房整洁卫生	0
鱿鱼圈恰到好处鱿鱼脆脆嫩嫩的	1
分量真的多	0
红柳烤串和烤羊排都很香	1
排骨很嫩量很足	1
食品种类丰富	0
包装很干净的小吃外卖	0
接待人员和店里的工作人员都是彬彬有礼	0
性价比较高	0
解放碑繁华商业街饮品店很多品牌应有尽有	0
小孩在弋果学习已经两年多的时间了	0
近观东京湾夜景	1
装修风格不错	0
客服会详细的告知体检前的注意事项	0
刘勇老师剪的很认真	1
像儿时新见的玩具	0
麻辣土豆丝真辣	0
上菜的速度真的特别快	0
炸弹烧口感不错	0
家具有点沉	0
菜的口味很好	0
工作日午餐时间生意很好	0
烤鸡翅不错	0
店铺很好找	0
紧挨着七宝老街的入口	0
牛五花很嫩	1
配的薯条金黄得恰到好处	1
整整齐齐的	0
团了代金券	0
商场里快吃遍了	0
感觉非常好	0
蘸着酱吃很好吃	0
口味特别好	0
要了黑金店限定款芝士黑金芝士绿妍	0
半颗恰到好处的温泉蛋	0
居酒屋环境不错	0
温泉蛋与牛肉味道都不错	0
环境真是富丽堂皇	0
鳕鱼配上下面底料味道独特	1
古镇店环境要好一些古色古香的	0
环境特别好	0
想着原汁原味一点	0
面包里的芝士乳酪和紫薯酱结合的恰到好处	1
侬侬不错的	0
香芋排骨一如既往的好	1
甜虾味道不错	0
环境不错的面馆	0
来白云山交通都好方便吖	1
西城都荟这里能有吃的都得等位	0
类似于阿达西之流	0
烤鱼形式是很新颖	1
溏心蛋做的恰到好处的溏	1
算是性价比比较高的日料店	0
拌面的酱料恰到好处	1
服务态度超好	0
抹茶很浓很香	1
牛仔鸡蛋醪糟不错	0
活鳗鱼寿司刺有点多	0
介绍吃鱼的讲究等等	0
何桥老师是一如既往的剪的好	0
餐厅那边感觉很恰到好处	1
环境很不错	0
味道很不错	0
水果茶的卖相特别棒	1
整体装修还不错	0
服务态度很不错的	0
梅干菜饼吃得很仔细	1
水煮鱼口味非常地道	1
餐厅环境不错	0
丸子很紧实很弹牙点的清汤锅底	0
音乐很轻柔	1
口感一如既往地好	0
清淡口感非常不错红烧海参	0
生蚝味道不错	0
活蹦乱跳逛了近三小时	0
三文鱼刺身吃起来很过瘾	1
抹茶加入的恰到好处	0
店家生意很好	0
蘑菇的熟度恰到好处	1
看的人眼花缭乱	0
糍粑好好吃啊	1
味道很不错	0
咸蛋蒸肉味道不错	0
千层口感味道很好	0
小笼包是皮薄肉多	0
人气十分旺	0
坐四人位非常宽裕	0
炒饭和汤面味道不错	0
招牌的刀削面很实在	1
有种在吃无糖甜品的感觉	0
裸奔虾辣的恰到好处	1
串串叫的微辣	0
梭子蟹一大一小	0
服务态度很好	0
服务态度很好	0
环境服务都超级好	0
布置的别具一格	0
希望四季钱汤越办越完善	0
亲子游的最佳选择	1
洗发挺认真的	0
装修很别具一格	1
加上超市里琳琅满目的商品	0
五花肉烤的时间短	0
菜品菜量很足	0
技术非常好	0
难得老闵行有这么一家店	0
想吃养生一点收藏良久的一家店	0
服务态度很好	0
玉米浓汤挺好吃的	1
环境非常好	0
鸭肠焯的恰到好处	1
味道处理的很好	0
牛舌烤的恰到好处	1
蒜泥恰到好处	0
吊灯搭配起来古色古香具历史文化气息	1
喜欢泰式餐厅那种光线昏暗的环境	0
问问题的声音很轻	0
去骨鸡爪酸酸甜甜很开胃	1
花雕加分到恰到好处	0
意面真好吃啊	1
环境很不错	0
骨头汤很货真价实	1
种类特别多	0
照片真的非常漂亮	0
同行的老外都赞意大利面条很正宗	1
牛肉很新鲜	1
意面恰到好处	1
服务态度很好	0
装修的风格还不错	0
没想到出乎意料的快	0
重要的是抹茶的口味恰到好处	1
萝卜和芋头都不错	0
吃在嘴里别有风味	0
跟着导航很好找	0
鸡排品种多味道好	1
蒸的效果不错喔	0
猪肝很嫩很大一块酱汁味道恰到好处	1
吃的时候原汁原味	0
口味特别好	0
芝士奶盖咸咸的很浓郁	1
酸梅汤免费续杯	0
装修很得体	1
火焰牛排要点七成熟的	0
猪肚汤底不错	0
印象深刻的是日式豆腐	1
三文鱼很新鲜	0
热荤双椒甲鱼	0
一家人都觉得很不错	0
杭州吃饭真是便宜	0
梅心肉真的嫩好吃	1
泰华的茅庐印象店面不错的	0
海胆恰到好处	1
辣的恰到好处	0
瘦身浴水劲够大	0
黑钻牛乳茶	0
美颜猪脚外皮不错	0
味道一如既往的好	0
锡纸金针菇和烤整茄子很入味	1
炒肝勾芡恰到好处	1
用餐环境十分用心装饰	1
密室设计不错	0
米饭沙拉和小菜是可以免费续的	0
橙子雪梨汁很货真价实	1
店家很客气	0
羊排煎的恰到好处	1
团购挺划算的	0
外皮酥脆土豆泥一如既往的好吃	1
整体来说很不错的	0
一进门有人拉小提琴水果吃	0
吃到嘴里回味无穷	0
甜品里杨枝甘露还不错	0
配的半生鸡蛋和西兰花土豆片恰到好处	1
汤真的很清淡	0
羊排很货真价实	1
味道一如既往的好	0
袜子都湿光	0
中心城闲逛偶然发现	0
配着牛肉吃恰到好处	0
叫了一个沙拉解腻	0
大饼挺好吃	1
离火车站近	0
君乐的味道不错哦	0
装修得的看上去很干净利落	0
味道一如既往的好	0
冰淇淋一如既往很好吃很醇厚	1
臭豆腐不错	0
牛玄庵的味道恰到好处	1
女朋友很开心	0
新开的一家牛肉汤店	0
装修的很干净古色古香	1
龙虾蒜蓉的还不错	0
新开的商场里的新学校	0
口味一如既往的好	0
牛奶锅确实是货真价实的好牛奶	1
熔岩蛋糕很美味	1
干锅千叶豆腐不错	0
主厨和蔼可亲	0
味道很不错	0
芝士排骨挺好吃的	1
空调和衣架的位置恰到好处	1
炒肝儿还不错	0
咖喱味恰到好处啊	1
衬托的芝士的味道很浓郁	1
没想到味道很不错滴	0
新店开业时团购的特别合适	0
感谢免费的西瓜一大瓶果汁	0
味道一如既往地好	0
味道很不错呢	0
做披萨的地方是透明玻璃	0
夫妻肺片是东西还不错	0
服务态度很好	0
类似于沸腾鱼片的味道	0
撒上剁辣椒和粉丝蒸熟	0
茂自小哥的服务态度很好	0
主食的叉烧饭叉烧还不错	0
面包烤的恰到好处非常香	1
浴室和卧室有一道透明的玻璃	0
菜品一如既往的好吃	0
人多的一次加了火锅	0
仪器按摩腰腹力道恰到好处	1
鱼香虾球里面用料很实在	1
总体不错的这道西多士	0
店面装修的非常富丽堂皇	1
尝了很好吃	0
酥皮很脆北海道香浓一如既往的好吃	1
菜品一如既往的好	0
味道出乎意料的好	0
直接在海边很好	0
朋友点的猪蹄不错的	0
自助调料和水果不错	0
整体真的好重要	0
味道是西餐标准味道	0
口味很不错的	0
店里一只高冷的圆圆的灰猫	0
羊蹄味道有点重	0
牛蛙很入味	1
有幸光顾了这家只有五间密房的私人会所	0
鸡翅烤得恰到好处	1
五花肉酸菜配恰到好处	0
物美价廉味道好的机场餐厅	1
面部和颈肩按摩很棒	1
护理完后还准备了红糖小米粥樱桃小番茄	1
菜品一如既往的好	0
基本点佐依个餐店员都会自觉送上饮品	0
棉花糖巧克力味道不错的	0
莲池的菜不错	0
冒鸭血味道不错	0
广州路新开一段时间了的安庆馄饨	0
做指甲的很温柔	1
口感很不错	0
油泼辣子都调试到了一个恰到好处的点	1
羊腿恰到好处渗出血水的成熟度	1
菜品真的好吃	0
常德市内甜品店是越来越多了	0
芝士奶盖味道不错	0
麻糍还不错	0
味道出乎意料好	0
南长街上新开的小蛙哥美蛙火锅店	0
海鲜很新鲜	1
萝卜条做的特别爽脆	1
小馒头配上炼乳超级好吃啊	0
牛肉实打实量很大的	1
牛腩是熟的	0
菜品的味道真的不错	0
专注养生的理念	0
米饭随便吃	0
送达时间很准	0
味道是一如既往的好	0
味道服务上菜速度都很好	0
红烧肉太香太好吃了	1
类似于辣白菜	0
推门而入接待的小姐热情招呼	0
整齐干净的房间和洗手间都很棒	1
奶盖很香很浓很好喝	1
路程非常近	0
极大份的鱿鱼圈	0
爆鱼和鸡爪都不错	0
广式早茶点心	0
颜色出乎意料的好看	0
日本每家餐馆的米饭都好好吃	0
蛋糕烘焙的恰到好处	1
觉得味道很不错	0
流沙包好好吃啊	1
服务态度特别好	0
热串味道还可以调味道	0
算是中山公园附近性价比较高的小吃店	0
看到每个人吃的津津有味	0
停车还免费	0
蒜蓉蒸鲍鱼火候恰到好处	1
离泡温泉稍有点远	0
婚纱款式很简约	1
剪发前沟通很有耐心	1
温泉一如既往的干净舒适好嘛	1
菜品很不错	0
面包蛋糕都不错	0
麦琪老师技术非常棒	1
运动完浑身超级酸爽	1
冰粉味道不错	0
烤土豆酥酥的挺好吃	1
虾尾个头大	1
锅底很合理	0
人气很高的店	0
芝士蛋糕配拿铁恰到好处	1
鱼皮口感不错	0
萝卜很好吃哦	0
水果很新鲜品种多	1
小店环境很好	0
鲈鱼真的很鲜美哇	1
阳光好的日子里坐窗边是赏心悦目	1
齐家花园菜价真心便宜	0
土豆片烤得恰到好处	1
免费的蛋炒饭	0
油条无矾外酥里软	0
香辣牛肉闻到很不错入味	0
全广州肉质最好的烤肉	1
面包布丁不错	0
店内环境很好	0
种草很久的一家店	0
装冒菜的碗样子很别出心裁	1
揉推拿捏力道恰到好处	1
开在热闹的狮子桥里	0
倒像是越南口味儿的简单饭食	0
商品的陈列容易让人找到商品	0
牛丸烤的恰到好处	1
外层撒满细白砂糖	0
老字号一如既往的好吃	0
火炙加吉鱼寿司	0
进出风凰岛都有免费的电瓶车接送	0
别家少有的青笋	0
酸辣土豆丝和酸梅汤都不错	0
店里有各种免费的小吃	0
上网速度非常快	0
煲仔饭是最爱	1
快递小哥很准时的送到了	0
鹅肝有些肥了	0
辣的恰到好处吃着超级爽	1
价格平易近人	0
有免费停车场	0
环境不错的中午在园内的餐厅食围餐	0
服务可圈可点	0
喝个茶那有哪么快结账走人的	0
青菜和汤这样搭配恰到好处	1
古色古香富有特色的少数民族餐厅	1
酸汤的味道恰到好处美味至极哦	1
大堂装扮的富丽堂皇	0
长度最长的	0
不错的日料店	0
大部分都是彬彬有礼按次序选择食物	0
海鲜很新鲜	0
一如既往地点了最爱的焦糖玛奇朵	0
味道一如既往的好	0
甜面酱撒得恰到好处	1
天津菜偏甜口	0
口味超级好吃	0
熊猫小猴子挺可爱的	1
进门冷气很足	0
味道一如既往的好	0
虾滑很嫩很好吃	1
开元寺是正定很重要的一座寺庙	0
吃擀面皮很爽口的	0
干炒牛河不错	0
部分菜偏酸辣口	0
环境非常好	0
豆沙货真价实	0
香香鸡一如既往很好吃	1
咖喱味的蟹很入味	1
烤肉无功无过	0
味道很不错呢	0
火龙果汁很清爽解腻好好喝	1
服务态度非常好	0
味道一如既往的好	0
看得眼花缭乱	0
皮皮虾有点瘪	0
店面的外观装修很高大上	1
一楼的环境很好	0
离海边很近	0
牛蛙味道不错	0
炸鸡寿司感觉太辣了	0
服务态度很好	0
介于朋友最近长了纤维瘤	0
离电梯很近	0
菜品的种类特别特别多	0
再配上点烧烤这种重口味	0
可以免费停车	0
味道出乎意料地好	0
生煎包不错	0
榨菜可以免费吃	0
按摩完后甜品	0
力道拿捏得恰到好处	0
配蛋糕太腻了些	0
手法手劲都恰到好处	0
宽粉好好吃哦	1
说话和蔼可亲	0
能做到有求必应味道蛮好	0
货真价实的培训集团	0
赶脚金桔柠檬味道不错	0
菠萝油已经冷了	0
胡椒放得恰到好处流沙包不错	1
搭配的恰到好处	0
咖喱香料的气息恰到好处的融入虾肉中	1
同事推荐的店口味不错重庆味道	0
练到最多的地方吗	0
鸡头米据说很补莼菜豆腐汤一如既往的美味	0
五花肉有点肥	0
周边有个大超市	0
蒸的火候恰到好处	0
摄影助理啊豪调灯光	0
重要的是上菜居然很快	0
娜娜服务很好	0
态度和蔼可亲	0
刺身好新鲜	1
搜了半天在行疆厨房和品三秦之间选了后者	0
虾滑一如既往的好好好	1
大明虾非常美味	1
菜品一如既往的好吃	0
煲仔饭米饭超级香	1
味道很巴适	0
餐厅环境不错	0
味道很不错	0
青岛路上新开的饮品店	0
回味无穷啊	0
餐厅的饭挺好吃的	1
吃完回味无穷	0
累了到宋城书坊歇歇脚	0
感觉很不错	0
海鲜好新鲜	0
前台服务很好	0
一如既往的好吃脆皮虾仁肠粉	0
生蚝烤的恰到好处	1
瞬间拉伸开身体轻松很多	1
树莓汁儿不错	0
鹅肝烤的恰到好处	1
吃猪脚米线还不错	0
新开的咖啡店	0
指甲胶色很美	0
环境很好很特别	0
鸡肉炖的恰到好处	1
凉皮都不错	0
鱼煮的恰到好处	1
寿司都不错	0
工作日套餐非常划算	1
三文鱼很新鲜	1
蕃薯条吃的时候都冷了	0
三文鱼这种不用加工的还不错	0
鸡肉烤的恰到好处	1
相信这家会在深圳一直火下去	0
味道超级好	0
炸酱面的味道不错	0
鸡翅处理得恰到好处	1
酱料齐全水果很新鲜	1
生菜白灼恰到好处	1
萝卜丝的恰到好处	0
冰镇的芥末调料恰到好处	1
芝士挞热吃冷吃两种风味	0
小分队新收入两枚男丁一起吃喝玩乐	0
大肠挺入味	1
蘸酱是柠檬醋加蜂蜜胡萝卜泥原汁原味	0
生意非常旺	0
入口抹茶味浓	0
很棒的日料点	0
服务特别好	0
蹄花汤很入味	1
最好的一次通马桶服务体验了	1
房间是两室一厅很方便	1
土豆泥口感不错	1
饭席是在一阵热热闹闹的氛围中拉开帷幕	0
做了两次后痘痘好了很多	0
店内环境非常的不错	0
蒸的时间恰到好处	1
寿司还不错	0
是一次很好的体验	0
味道一如既往的好	0
菜品很不错	0
芝士芒芒里面芝士味恰到好处	1
感觉恰到好处羊排的话感觉羊味儿有点浓	0
餐厅氛围不错	0
蒲黄榆地铁口紧靠电影院	0
红薯烤的恰到好处	1
三杯鸡菠萝油条虾都不错	0
朋友点的羊排还不错	0
类似激流勇进的一定要穿雨衣鞋套	0
手艺一如既往的好	0
巧克力馅最爱	0
生蚝挺新鲜的	1
味道一如既往的好	0
拉面煮的恰到好处	0
豆腐牛腩不错	0
预定了两个超大尺寸蛋糕	0
上菜速度超快	0
觉得这家店很老克拉	0
虾酱味有点点浓	0
照片拍出来效果还不错哦	0
桂花莲藕做的不错喔	1
前台赵安琪小姐和蔼可亲	0
馋了好久的花甲了第一次路过	0
配上完美多汁的肉饼和恰到好处的牛油果酱	0
上菜速度超快的	0
沙拉和通心粉加的恰到好处	1
有西瓜柠檬片青柠檬等等	0
恰到好处的烤色	0
取饮料最多再等二十分钟	0
新开的面包店	0
薄荷绿的壁纸很小清新	0
店里的设计风格很配吃饭的气氛	0
总体很有意思的餐厅	0
牛舌肉质弹性恰到好处	1
抹茶的味道那么多家店里最正宗的	0
快吃完了才想起来拍照	0
火锅的红油是独立包装倒入锅	0
停车场很大	0
环境非常好	0
别有风味的享受	0
很小的门店	0
虾仁和鱼丸很新鲜	1
味道是一如既往的好	0
环球港环境不错	0
目标家门口新开的披萨店	0
吃了新出的羊蝎子羊排锅	0
买一送一的都是芝士的太腻了	0
刺身很新鲜	1
位置很好找	0
夏威夷果仁是最爱	1
看到这家叫真然的自然体验馆地址	0
去的那天超级冷	0
红柚的酸甜配上绵绵的冰沙	0
培根散发浓浓香气意面煮的恰到好处	0
米皮还不错	0
配镜很耐心	0
蛋挞和老婆饼味道都不错	0
松发肉骨茶算是不错的了	0
海胆非常新鲜	1
连豆芽都辣的恰到好处	1
涮一下吃别有风味	0
古镇上这家麻花店是最有名的了	1
热调豆腐皮	0
面条弹劲道恰到好处	1
汤底味道恰到好处	0
味道什么都很不错	0
鱼和炒鱿鱼很棒	1
场地很不错	0
想要读书有点儿累眼睛呢	0
炸酱面不错	0
酱牛肉还不错	0
明显是很缺水的	0
牛蛙确实很大	1
环境等各方面一如既往的好	0
厨房玻璃透明的	0
羊肉串不错	0
离工作的地方很近	0
口感非常好	0
鳗鱼和饭之间的一层鸡蛋处理得恰到好处	1
泡饼放在鱼里很入味	1
品质一如既往的好	0
空调有点冷	0
实实在在的海鲜	0
嫩牛肉特别好吃	1
最爱的番茄锅	0
烤肉恰到好处	1
酸辣粉不错	0
很嫩牛肉特有的香味	1
总体来说饮品不错	0
典型的饭馆点餐	0
鸡蛋羹味道还不错	0
一家不错的西餐厅	0
米饭很香的	1
蓝莓酱恰到好处	1
带着恰到好处的微咸口感的奶盖	1
令人回味无穷	0
客餐特别的好吃	0
房间里的床与卫生间隔得太近	0
价格真心便宜	0
烤串的味道非常的恰到好处	1
烤肉好好吃	1
热气腾腾的爆辣火锅可以让这么多的人来吃	0
服务态度始终如一	0
看了其他店员做的美甲很棒	0
来到健身工作室感觉还不错	0
古色古香的装修家具搭配很合围	0
舞台灯光效果音响都很不错	0
炸酱面都是最爱	1
马来西亚酸辣汁用马鲛鱼熬煮制成恰到好处	1
感觉非常好	0
位置很好找	0
鱼排煎得恰到好处	1
芋圆煮得恰到好处	1
离火车站近	0
虾饺是最爱	1
环境特别的好	0
咖喱鸡味道不错	0
芒果糯米糍好好吃吖	1
听朋友赞了很久的金氏私房水煮	0
吸饱汤汁的泡饼很香的	1
味道很好服务很好	0
冰激凌最爱	1
是曼谷中心内一处大规模古建筑群	0
鹅肝粒炒小牛肉别出心裁	1
酱料配的恰到好处	1
一天就要结束近两年多的托班生活了	0
连着两天的早午茶都选择了这里	0
按摩的恰到好处	1
很大的大厅	0
服务态度很好吃的东西不错	0
按摩恰到好处	1
炒饭一如既往很棒	1
点菜小妹和蔼可亲	0
感觉非常不错	0
感觉环境很好	0
味道一如既往的好	0
装修古色古香很有中国风味	1
李双营业员真的好好	0
古色古香的装修让人感觉很安静舒服	1
火候做的恰到好处	0
味道一如既往的好	0
接待小哥很客气	0
牛油果熟的恰到好处	1
小吃一如既往的好	0
结果出奇的满意	0
饮品有点偏甜	0
汁水充盈口腔	0
茶点很精致物美价廉	1
辣油相当的香	1
注重原汁原味	0
口味一如既往的好	0
影院环境还不错	0
辣椒恰到好处	0
团购的还挺实惠	0
腌龙虾下面腌的太酸了	0
菜品很好吃	0
营养丰富的月子餐	0
鸡腿堡不错	0
服务很好哦	0
辣的恰到好处	1
河内熟牛肉汤河粉	0
难得的是里面的麻花居然好好吃	0
酸奶酸甜度恰到好处	1
海鲜很新鲜	1
口味一如既往的好	0
辣的恰到好处	0
感觉整个连锁企业店面的文化底蕴不错	0
毛肚牛肚一大片一大片的锅底是重点	0
购物吃喝玩乐都非常方便	1
牛舌厚薄恰到好处	1
爱吃他家的拌面	0
百联饭店都快吃个遍了	0
天妇罗很香	1
总体感觉各方面非常不错推荐给大家	0
看着都赏心悦目	0
强烈大家去艾灸	0
类似龙抄手	0
口味不错的点餐很便利	0
酿豆腐不错	0
肉质挺嫩的芝士鸡蛋卷一如既往的好吃	1
烤串应有尽有特别的棒	1
薯条是快餐店数一数二的好吃	1
萝卜糕煎的恰到好处	1
蒸鱼很新鲜	1
萝卜炖的恰到好处	1
很好的宣传	0
芥末味恰到好处	1
华哥的电影看起来确实很有意思	0
健身房透明玻璃	0
京酱肉丝不错	0
清江鱼很嫩很好吃	1
很重的那种	0
重庆味道很地道	1
水果都很新鲜	1
泳池里的负责老师特别的亲切幽默	1
番茄牛膝锅的牛骨软烂	1
房间很不错的	0
刚进门都会吃到小吃	0
烤鱼的火候恰到好处	1
感觉热热闹闹的	0
虾的味道不错的	0
森林主题表现的淋漓尽致	0
卤味卤得恰到好处	1
汤底的味道不错	0
鸭血脑花豆芽都特好吃	1
汤和面都恰到好处	1
披萨底像饼干一样薄	0
偶然发现家门口来了一家大型的汗蒸中心	0
美味海鲜饼真的是一如既往的好吃	1
咖喱拌饭一如既往的好吃下饭	1
拌饭下面的饭锅巴恰到好处	0
接待的女孩非常好	0
生鲜的刺身被切厚度的恰到好处	1
汤的味道恰到好处	1
位置是很好找的	0
红烧肉都不错	0
成都火锅的平均味道有达到的	0
鸡肉有点软	0
微辣辣的恰到好处	1
最爱煲仔饭那层锅巴	1
买的一份蒸土豆炖茄子味道不错	0
是个不错的景点	0
装修很有特色古色古香	1
鳗鱼盖饭鱼略僵	0
泡饭有点微辣的	0
鹅肠依旧最爱	1
烤鸭做得好的让人回味无穷	1
碳火鹅半只	0
牛肉的品质不错的	0
自助餐种类多	0
龙利鱼香菜馅儿很嫩	1
店里装修看起来挺干净利落	1
菜品煮的恰到好处	0
港味很正的茶餐厅	1
最爱的扇贝入味	1
豆腐松松的泡足了汤汁	0
刺身厚切口感还不错	0
糖醋排骨与鸡都还不错	0
大坂烧点的人最多	1
味道一如既往的好	0
清蒸鱼这鱼选的真是不错	0
薯条味道不错	0
总体物美价廉服务好	0
活的小龙虾现蒸的很美味	1
音乐的音量调的恰到好处	0
南京的空气和风景简直美哉	1
冰岛昔归易武都可圈可点	0
餐厅环境不错	0
配合奶油与草莓冰激凌特别爽口	1
吃过最好吃重庆小面麻雀虽小	0
天幕影城蓝海店是去年新开的	0
翡翠什么的底下是鹅肝第一口下去超级美味	0
米饭的火候恰到好处	1
设施都很新	0
喜欢火锅爱吃烤鸭的亲们	0
脱毛机器是日本先进的脱毛机	0
要知道新生儿是非常娇弱的	0
服务恰到好处	0
态度特别好	0
吃得太急忘了拍照	0
小面味道偏淡	0
融合得恰到好处	0
价格很便宜	0
虾菇一如既往最好吃	1
牛油果的软糯恰到好处	1
烤鸭味道不错	0
龙湖天街新开的火锅店环境	0
记得当时去的时候店里生意很旺	0
味道一如既往的好	0
芝士味恰到好处	1
樱桃鹅肝做得惟妙惟肖	1
恰到好处的清音乐	0
锅贴恰到好处	1
味道很不错	0
开心麻花的剧一如既往的好看	1
猪排真心厚	0
位置很好找	0
来到了人民广场迪美中心	0
肉蟹煲的调料有点重了	0
份量特别多	0
一如既往最佳搭档	0
宝贝的照片果断在这边订了	0
吉祥拼盘里面有鱿鱼	0
店里环境很好	0
石锅拌饭里面的锅巴很香	1
不错的饮料	0
服务态度很好	0
鱼大概有一斤多重	0
铁板牛肉的火候恰到好处	1
空调音乐都恰到好处	0
虾很新鲜还活蹦乱跳的	1
牛仔骨煎的恰到好处	1
东西超好吃	0
鸡蛋卷超大一份	1
味道特别好	0
热热闹闹的	0
补水是用了一个类似喷雾的仪器	0
卤面做的不错的	0
价格便宜分量很大	0
店里的装修挺古色古香的	1
寿司拼盘是厚切生鱼片	0
麻雀虽小五脏俱全书的分类指向很明确	1
美女店主人很好	0
实实在在的服务才会有回报	0
芥末味恰到好处	1
牛油果海盐色拉不错	0
刺身挺新鲜	1
水果挺新鲜	1
味道一如既往的好	0
价格特别的良心	0
面部护理特别棒	1
携合是义乌最棒的一家	1
地址非常好找	0
点缀的恰到好处的葡萄干	0
抹茶味道很浓郁	1
味道一如既往的好	0
三文鱼刺身是厚切	0
虾蟹都很新鲜	1
衣服特别是婚纱的种类多到眼花缭乱	1
长得跟威化饼有点相似	0
一如既往的人多	0
石锅拌饭味道不错	0
配辣白菜一绝辣炒猪五花	0
鸭架可以免费烧汤	0
一进店洗头的小哥先带我去洗头	0
美女服务员清兰服务很到位	0
小区很好找	0
价格很公道	0
手撕包菜和疙瘩汤不错	0
装修服务都不错	0
结果发现了新开的小龙坎火锅	0
点评上分数非常高	0
按摩了之后舒服多了	0
小腰子不错	0
可屋里这么多大土锅在燃烧	0
送外卖的小哥是店员很有礼貌	0
酸菜鱼不错	0
普洱茶香苏子鸡相当出乎意料哒一道菜	1
茶味奶味恰到好处	1
大厅错落有致	0
人气蛮高的一家烤鸭店	0
海鲜很新鲜	1
布局离电梯口很近	0
红油锅一如既往的好吃	0
茶点品种和颜色搭配不错	1
龙虾最好吃	1
粉煮的恰到好处	1
牛肉煎的恰到好处	0
难得商场里这种汤包馆	0
羊排烤的恰到好处	1
做法非常精美	0
饮料具体名字忘了	0
鳗鱼烤的恰到好处	1
化妆和摄影技术都非常棒	1
有理有面儿	0
香辣虾一如既往的好吃	1
寿司味道不错	0
面包不错的	0
温泉水质不错	0
吃完小龙虾还可以加粉	0
满足了先森的意大利面心愿	0
豆腐滑滑的	0
炸竹荚鱼还不错	0
免费菜霸王酥皮叉烧包必须消费才能兑换	0
位置很好找	0
海南鸡饭味道不错	0
饼底非常薄脆	1
菜品口味自然是原汁原味	0
西瓜汁很难喝	0
味道一如既往的好	0
没想到出乎意料的好吃第一次吃	0
龙虾挺好吃	0
蔬菜拼盘还挺新鲜的	1
鳗鱼饭酱汁恰到好处	1
牛油果健康	0
牛肉粒火候掌握得恰到好处	1
卤味恰到好处	1
细得以为是粉丝	0
结束了短暂的电影博物馆大厅的参观	0
肉饼得恰到好处	1
调料的鲜香恰到好处的盖过了羊排的膻味	1
感觉健康了很多	0
日本健康花茶	0
炒米线不错	0
味道非常地道的意式披萨	1
生意特别的好	0
果断预约给娃拍证件照	0
别有风味沿着街道走过去	0
统一装修的风格	0
服务方面可圈可点	0
面包烤的恰到好处	1
牛肉蒸得恰到好处	1
密室挺有趣	1
洗手液很好闻	0
层次剪的很好	0
果汁榨得恰到好处	1
酱料恰到好处的突出了鳗鱼的肉质感	1
吃太快忘记拍照了	0
口感非常好汤汁非常甜美	1
锅底很好看	0
味道特别好	0
爱吃烤肉的可以试试	0
品质一如既往的好	0
店装修的古色古香很有武侠片的感觉	1
味道非常好	0
海鲜沸腾饭不错的	1
生鱼片很新鲜	1
面条的质感恰到好处	1
咖喱很正宗	1
宝宝最近胖的太快了	0
期待了很久	0
口味很不错	0
秉着对老屋印象的良好感觉	0
高逼格小资环境的餐厅越来越多了	0
环境特别好	0
私教李康康不错哈	0
微辣的泡菜味	0
海鲜新鲜味道超赞物美价廉交通便利	1
鸡翅烤得恰到好处	1
牛蛙很入味很好吃	1
态度和蔼可亲	0
芥末的辣恰到好处	1
生蚝扇贝青口贝大虾都很新鲜	1
火候掌握恰到好处	0
宝宝在这里上托班快一年了	0
吃起来很好吃	0
辣的恰到好处	0
甜味恰到好处	0
菠萝海鲜炒饭不错的	0
配的酸奶不错	0
番茄锅的汤底味道不错	0
简单的一个洗剪吹	0
广场里面有吃的	0
让店家多放了点跳跳糖	0
看起来很甜	0
猪颈肉烤得恰到好处	1
曲库超级全	0
牛腩炖的恰到好处	1
面包的诱惑不错	0
火锅的味道不错	0
一大碗冰镇米酒	0
服务态度很好	0
做小龙虾生意的越来越多	0
炸鸡带着恰到好处的辣	1
牛肉真是不错	0
店内环境充满着优雅的法式浪漫气息	1
带鱼用火炙烤了一下	0
甜甜圈很松软湿润	1
味道非常好	0
以为很好吃	0
服务态度很好	0
虾很新鲜的	1
起司与酱料搭配的恰到好处	1
装修的很富丽堂皇	1
油泼扇贝不错	0
烤全羊很不错	1
一如既往的味道尤其是米饭香香喷喷的	1
小孩在里面很开心	0
店的位置很好找	0
口味不错奶酪罐子是很精致的甜品	0
刷的时候睫毛自然上翘	0
店内环境非常好	0
店里装修还不错呢	0
简单一点盐和孜然	0
烧烤的火候恰到好处	1
甜味咸味饵块各要了一份	0
很小清新的一道点心	1
菜品一如既往的不错	0
最爱的栗子烧肉一如既往地好吃	1
装修很古色古香	1
热拿铁还不错	0
甜品有个性	0
店里环境很好	0
沙拉来的恰到好处	1
服务态度都很好	0
米饭是新米	0
吮指回味无穷	0
味道都很不错	0
去海边游泳很方便	1
进去之后有种别有洞天的感觉	0
撒了点盐恰到好处抹茶布丁	0
辣椒放的恰到好处	1
鳗鱼饭鳗鱼烤的恰到好处	1
鸡肉出乎意料的很嫩	1
锅底一如既往的鲜	0
广式面条细	0
教堂内部富丽堂皇典雅超俗	1
花束搭配得当	0
云吞味道恰到好处	1
火候掌握的很好	0
年糕很软糯的	1
味道确实不错	0
店面装饰很好看	0
性价比高的日料餐厅	0
海鲜的最佳味道发挥的淋漓尽致	1
蒸的恰到好处	0
汤的味道恰到好处	1
逛街累了可以来坐下来休闲	0
寿司很新鲜	1
麻麻鱼不错	0
东坡肉不错	0
西葫芦沙拉很美味	1
牛肉恰到好处	1
土豆豆腐年糕都煮的恰到好处	1
凤爪蒸的恰到好处	1
调味恰到好处	0
买单后老板很真诚的送了个醉蟹	0
看着赏心悦目	0
风格金碧辉煌的	0
韩国餐食讲究五色五心	0
味道调的很好	0
绕到后面环境指示很清楚	0
装修挺古色古香的	1
偶然接触到的健身房	0
金针菇不错	0
菜品一如既往地好	0
椒麻鸡真心不错	0
海鲜粥满满一大碗	0
选了一些热门点心	0
看上去很大	0
黑胡椒味道很浓郁	1
火焰牛肉不错	0
孜然羊肉很美味	1
味道可圈可点	0
按摩好后全身轻松	1
位置非常好找	0
装修不错的	0
商家特别好	0
鸭血很新鲜	1
虾滑一如既往是最爱	1
鸡汤很鲜美	1
环境特别好	0
服务态度非常好	0
多了抔豆浆	0
门市的艾米很热心	0
装修别具一格	0
环境非常好	0
味道一如即往很不错	0
新开一周的潮汕砂锅粥	0
口味一如既往的好吃	0
咖喱牛腩很香	1
进到餐厅后感觉餐厅很干净利落	1
酸辣土豆丝不错	0
今年纽约时装周的新闺秀系列	0
抹茶味苦和红豆的微甜搭配起来还不错	0
服务态度很好	0
鲍鱼是名贵的海珍品之一	0
价格非常便宜	0
实打实的好材料绣球豆腐	0
牛油果调配的恰到好处	1
辣的恰到好处	0
偶对还要了一块叉烧肉	0
藕片特别新鲜	1
味道非常好	0
服务态度很好	0
意外收获一家如意的餐厅	0
馅饼还不错	0
私密性很好	0
牛肉味道不错	0
服务态度很好	0
拉皮过短了	0
店铺装修风格很小清新	1
店里的音乐很有品味	1
芝士味恰到好处	1
服务水准特高	0
虾饺货真价实虾肉很足	1
服务人员态度很好	0
招牌鱼粉吃着不错的额	0
味道一如既往的好	0
服务和菜品一如既往的好	0
有青柠檬西瓜片橙子猕猴桃什么的	0
冷了之后芝士会结块	0
推荐奶酪红草莓	0
算是凉皮类中较贵的了	0
店铺装修的很漂亮古色古香	1
粉煮得恰到好处	1
有吃的购物的	0
味道一如既往好吃	0
用餐环境别具一格的装修风很喜欢	1
皮蛋豆腐发挥一直很稳定	0
最爱招牌猪脑	1
酸奶配蜂蜜健康营养	1
做为下午茶甜点是个很不错的选择	0
香锅味道很好吃	0
是一家专做莆田菜的店	0
态度超级好	0
服务态度很好	0
宾馆位置很好找	0
停车场很大	0
配上猪排个人觉着口味稍重	0
蟹饼色拉很棒	1
正大广场这家一如既往的好	0
招牌肉串个人感觉最好吃	1
辣的恰到好处	0
入口回味无穷	0
重新成立鑫复盛餐饮公司	0
饼底厚度恰到好处	1
团购的套餐很划算	0
小鸡炖蘑菇很鲜美	1
服务环境一如既往的好	0
音响效果很好	0
装修大气漂亮有特色	1
停车很方便	1
牛肉炖的恰到好处	1
黑酱油拉面里边叉烧肉两大块	0
梭边鱼特质味碟有别具一格的风味	1
芋儿牛柳的牛柳超嫩超入味	1
口味很不错	0
停车可以要停车券可以免费三小时	0
人气一如既往的旺	0
离学校很近	0
到了牙齿美白处简单做了查看	0
法式烤面包不错	0
鱼头不错是真真的	0
椒麻鸡清爽很香	1
鱼的味道不错	0
鲜虾云吞可以达到独立开店的品质	1
米饭的调配恰到好处	0
游乐区所有设施都有做软包	1
鱼蛋很爽滑	1
服务态度很好	0
椰肉是一大特色麦片虾有点惊艳	1
人很幽默和蔼可亲平易近人很	1
芒果芝士一绝	0
装修风格不错	0
装修和布置很舒适	1
店里的各种饮品感觉都不错	0
野生鱼吃起来肉质不错	0
做彩超的老师人非常好	0
蒸土鸡火候恰到好处	1
臊子面还不错	0
提供的洗浴用品很齐全	1
服务和环境条件一如既往得好	0
小姑娘们都很好	0
蛋糕味道超棒	1
味道一如既往的好吃	0
湿纸巾别出心裁	0
辣椒面配的恰到好处	1
去的时候山里很冷	0
串串的分量很够	1
米饭煮的恰到好处	1
菜品一如既往的好	0
三文鱼金枪鱼北极贝裙边红鳟鱼等	0
骨汤蒸蛋火候恰到好处	1
总体效果很好的朋友还会再来的	0
椒盐鱼骨很脆	1
披萨刚出锅很好吃	0
奶盖的咸香恰到好处	1
音响效果很不错的	0
芝士恰到好处	0
重点推荐红糖糍粑	1
油淋鸟贝酱料调得恰到好处	1
黄喉很爽口	1
溏心蛋很新鲜很美味	1
蛋糕盒子超大	1
酱汁恰到好处的拌匀整锅饭	0
典型的金碧辉煌法式风格服务员服务不错	0
环境非常好	0
筷子可圈可点	0
我家大王超级难搞	0
江西一绝位于	0
多放几张床	0
牛肉粒恰到好处的香浓	1
进古镇很方便	1
蛋糕和面包看上去很诱人	1
吃得出是放了很久的	0
面食为主菜品多样	0
美女们的服务都特别好	0
飘飘欲仙的一拍照菜太极虾滑	0
讲真甩宿迁其他饭店几条街	0
猪蹄酸酸甜甜的挺好吃	1
纠结了很久选了这家	0
瑛子服务很好	0
很好的一次	0
肉食海鲜琳琅满目	1
三文鱼不错	0
味道很不错	0
一家古色古香的巴楚特色菜	0
店里环境非常好	0
服务态度特别好	0
看了有团购很合适	0
配酱汁特瘪好吃	0
服务态度很好	0
环境很不错	0
工作日人超级多	0
新来了杜鹃花很棒	1
团购很划算	0
蓉蓉服务很不错	0
小吃非常多琳琅满目的	1
理发环境很舒适	1
套餐很实惠	0
有很多好吃的店值得再去	0
捞粉觉得偏硬了点	0
口味恰到好处	0
薄度恰到好处包裹着里面的汤汁	1
古色古香的装修风格让人感觉十分舒适	1
瑞成餐馆内部装修还不错	0
少见的用高粱酒调的鸡尾酒	0
软欧包要配上霸气水果茶	0
海苔肉松小贝不错	0
店家的叉烧包味道不错	0
是挺原汁原味的	0
古色古香羊蝎子羊蝎子确实很入味	1
装修风格很古色古香	1
做完指甲去吃吃不错	0
在业界口碑良好多人推荐	0
服务态度很好	0
大悦城店很安静	0
火飘牛肉味道不错啊	0
味道一如既往的好	0
小孩吃的的津津有味	0
虾饺非常货真价实	1
鸡丁超级多	0
是家环境很不错的店呢	0
巴掌牛肉不错	0
上班的中午逛武广随便选的一家店	0
味道真心不错	0
新开的商场新开的店	0
油条和豆花味道不错	0
配着冒菜吃恰到好处	1
孩子们特爱吃	0
安徽菜口味整体偏辣	0
牛肉味道不错	0
汤底的料汁恰到好处	1
雪山烤鱼都不错呦	0
地址很好找	0
草莓杯里面实打实加了很多水果	1
结果是很实的	0
口味很不错哦	0
红米丝网肠蒸的恰到好处	1
爱吃火锅的同学们	0
蒸得恰到好处	0
减弱了花生酱的浓稠感	0
人多聚会挺合适的	1
面包非常脆	1
挑肥的螃蟹	0
感觉特别好	0
早餐厅在一楼的原味斋	0
有个男歌手反串唱的不错	0
学富街上的一家蛋糕店	0
醉蟹实在是太好吃了	1
管理的很好	0
口味一如既往的好	0
酸奶很浓郁很好喝	1
北京最好的宠物医院是哪家	0
带朋友一起去剪的不错做了护理	0
鸡排很嫩很好吃	1
番茄牛腩不错	0
适合聚餐的好地方	1
斑鱼滑不错	0
看起来开了很久了	0
海鲜很新鲜	0
热柠檬红茶	0
服务态度很不错	0
干锅包菜原汁原味	0
感觉开发区有这样的店很棒	0
土豆泥做的挺独特	1
肥瘦搭配得恰到好处猪五花	0
菜量非常可观	0
态度很好做的很赞	0
酸奶很细滑	1
腰花和猪肝都很嫩	1
口感整体特别不错	0
店里的两只猫咪慵懒的窝在椅子里	0
店门装修很古色古香	1
类似酒吧的风格	0
牛肉刺身新鲜特别嫩	1
小朋友非常爱吃	0
随便询问了几款商品的价位	0
山药核桃仁木耳红椒荷兰豆都很新鲜	1
春卷火车头不错	0
效果很明显	0
凉皮皮子口感筋道	1
烟熏三文鱼与芝麻菜恰到好处的搭配	1
蛋糕烤的恰到好处	1
环境很优美	0
没想到效果非常好	0
去澳门必吃	0
炭烧牛肉的做法类似白灼	0
烤牛舌火候掌握恰到好处	1
锅边上的玉米饼很香	1
寿司饭恰到好处刺身三切新鲜	1
私人沙滩不错	0
包的很好看	0
拿破仑无功无过	0
爆三样味道不错	0
土豆饼不错	0
牛肉免费赠送	0
古色古香的装潢特色	1
微甜有嚼劲儿的餐包	0
鱼的味道不错	0
香菇很新鲜	0
令人赏心悦目	0
全是春熙路一带最价廉物美的了	0
清淡养生恰到好处	0
吃的时候看到新出来牛油果味的汉堡什么的	0
推荐有一个鸡尾酒无限畅饮的套餐还不错	0
咸甜鲜味道调得恰到好处	0
餐具挺赏心悦目的	1
猪脆骨和牛蛙最好吃	1
港芝悦港式奶茶	0
双人套餐量超大	1
态度和蔼可亲地安慰了几句	0
东西很好吃	0
搭配芋圆和珍珠恰到好处	0
流沙包挺好吃的	1
味道很好吃	0
网红奶茶一点点	0
猪手不错哦	0
徽菜确实做起来口味很好吃	1
很大的舞台估计是为了评弹表演	0
入口即化的绵密口感	0
购物吃喝玩乐特方便	1
理解能力很强	0
建议多带一双袜子	0
价格很合理	0
看起来赏心悦目	0
轻轻撕开一块羊腿肉	0
